{"cameraMode":{"drawMode":0,"name":"Shaded","section":"Shading Mode"},"sceneLighting":false,"audioPlay":false,"sceneViewState":{"showFog":true,"showMaterialUpdate":false,"showSkybox":false,"showFlares":true,"showImageEffects":true,"showParticleSystems":true},"in2DMode":false,"pivot":{"x":-3.946708917617798,"y":4.545461654663086,"z":2.204070806503296},"rotation":{"x":-0.18410545587539674,"y":0.053165409713983539,"z":-0.010057833977043629,"w":-0.9816105961799622},"size":25.773820877075197,"orthographic":false}