{"cameraMode":{"drawMode":0,"name":"Shaded","section":"Shading Mode"},"sceneLighting":false,"audioPlay":false,"sceneViewState":{"showFog":false,"showMaterialUpdate":false,"showSkybox":false,"showFlares":false,"showImageEffects":false,"showParticleSystems":false},"in2DMode":false,"pivot":{"x":1.1552082300186158,"y":-9.02508544921875,"z":6.929409027099609},"rotation":{"x":0.40357205271720889,"y":0.017840465530753137,"z":-0.007869860157370568,"w":0.914743959903717},"size":7.385595321655273,"orthographic":false}