{"cameraMode":{"drawMode":0,"name":"Shaded","section":"Shading Mode"},"sceneLighting":false,"audioPlay":false,"sceneViewState":{"showFog":true,"showMaterialUpdate":false,"showSkybox":false,"showFlares":true,"showImageEffects":true,"showParticleSystems":true},"in2DMode":false,"pivot":{"x":0.2554025650024414,"y":-15.345015525817871,"z":-23.118913650512697},"rotation":{"x":-0.0798068717122078,"y":-0.8172287344932556,"z":0.11676003783941269,"w":-0.5587376952171326},"size":9.54646110534668,"orthographic":false}