{"cameraMode":{"drawMode":0,"name":"Shaded","section":"Shading Mode"},"sceneLighting":false,"audioPlay":false,"sceneViewState":{"showFog":false,"showMaterialUpdate":false,"showSkybox":false,"showFlares":false,"showImageEffects":false,"showParticleSystems":false},"in2DMode":false,"pivot":{"x":-2.2587943077087404,"y":-3.171200752258301,"z":2.1786091327667238},"rotation":{"x":0.279889851808548,"y":-0.30659112334251406,"z":0.09484132379293442,"w":0.9048115015029907},"size":8.647244453430176,"orthographic":false}