{"cameraMode":{"drawMode":0,"name":"Shaded","section":"Shading Mode"},"sceneLighting":false,"audioPlay":false,"sceneViewState":{"showFog":true,"showMaterialUpdate":false,"showSkybox":false,"showFlares":true,"showImageEffects":true,"showParticleSystems":true},"in2DMode":false,"pivot":{"x":5.752898216247559,"y":-2.3252458572387697,"z":5.077566623687744},"rotation":{"x":-0.36467882990837099,"y":-0.47216615080833437,"z":0.2233847826719284,"w":-0.770828902721405},"size":21.903797149658204,"orthographic":false}