{"cameraMode":{"drawMode":0,"name":"Shaded","section":"Shading Mode"},"sceneLighting":false,"audioPlay":false,"sceneViewState":{"showFog":false,"showMaterialUpdate":false,"showSkybox":false,"showFlares":false,"showImageEffects":false,"showParticleSystems":false},"in2DMode":false,"pivot":{"x":0.6350575685501099,"y":0.5261701345443726,"z":-1.008510708808899},"rotation":{"x":0.11802072823047638,"y":-0.05805665999650955,"z":0.006912108510732651,"w":0.9912891387939453},"size":1.1013414859771729,"orthographic":false}