{"cameraMode":{"drawMode":0,"name":"Shaded","section":"Shading Mode"},"sceneLighting":false,"audioPlay":false,"sceneViewState":{"showFog":true,"showMaterialUpdate":false,"showSkybox":false,"showFlares":true,"showImageEffects":true,"showParticleSystems":true},"in2DMode":false,"pivot":{"x":2.24615478515625,"y":-2.233631134033203,"z":-0.06681632995605469},"rotation":{"x":0.03897886723279953,"y":-0.023979434743523599,"z":0.0009356720256619155,"w":0.9989513158798218},"size":28.14566993713379,"orthographic":false}