{"cameraMode":{"drawMode":0,"name":"Shaded","section":"Shading Mode"},"sceneLighting":false,"audioPlay":false,"sceneViewState":{"showFog":false,"showMaterialUpdate":false,"showSkybox":false,"showFlares":false,"showImageEffects":false,"showParticleSystems":false},"in2DMode":false,"pivot":{"x":0.3159194588661194,"y":-10.103333473205567,"z":5.779834747314453},"rotation":{"x":0.40357205271720889,"y":0.017840465530753137,"z":-0.007869860157370568,"w":0.914743959903717},"size":24.746257781982423,"orthographic":false}