{"cameraMode":{"drawMode":0,"name":"Shaded","section":"Shading Mode"},"sceneLighting":false,"audioPlay":false,"sceneViewState":{"showFog":true,"showMaterialUpdate":false,"showSkybox":false,"showFlares":true,"showImageEffects":true,"showParticleSystems":true},"in2DMode":false,"pivot":{"x":0.0020825432147830726,"y":0.10520493984222412,"z":0.34706881642341616},"rotation":{"x":0.7017818093299866,"y":0.0021369638852775099,"z":-0.00210539810359478,"w":0.7123879790306091},"size":1.14878511428833,"orthographic":false}