{"cameraMode":{"drawMode":0,"name":"Shaded","section":"Shading Mode"},"sceneLighting":false,"audioPlay":false,"sceneViewState":{"showFog":true,"showMaterialUpdate":false,"showSkybox":false,"showFlares":true,"showImageEffects":true,"showParticleSystems":true},"in2DMode":false,"pivot":{"x":0.6380228996276856,"y":4.827394485473633,"z":2.074451446533203},"rotation":{"x":0.6866688132286072,"y":0.001090455800294876,"z":-0.0010300042340531946,"w":0.7269687652587891},"size":12.893120765686036,"orthographic":false}