{"cameraMode":{"drawMode":0,"name":"Shaded","section":"Shading Mode"},"sceneLighting":false,"audioPlay":false,"sceneViewState":{"showFog":true,"showMaterialUpdate":false,"showSkybox":false,"showFlares":true,"showImageEffects":true,"showParticleSystems":true},"in2DMode":false,"pivot":{"x":-2.1320245265960695,"y":-15.157194137573243,"z":-23.08837890625},"rotation":{"x":-0.06619575619697571,"y":-0.8962864875793457,"z":0.14318224787712098,"w":-0.41453495621681216},"size":4.4880170822143559,"orthographic":false}