{"cameraMode":{"drawMode":0,"name":"Shaded","section":"Shading Mode"},"sceneLighting":false,"audioPlay":false,"sceneViewState":{"showFog":false,"showMaterialUpdate":false,"showSkybox":false,"showFlares":false,"showImageEffects":false,"showParticleSystems":false},"in2DMode":false,"pivot":{"x":0.3559914231300354,"y":-0.0032681829761713745,"z":-0.7492790222167969},"rotation":{"x":0.22498920559883119,"y":0.09337155520915985,"z":-0.021665425971150399,"w":0.9696364402770996},"size":2.33644700050354,"orthographic":false}