{"cameraMode":{"drawMode":0,"name":"Shaded","section":"Shading Mode"},"sceneLighting":false,"audioPlay":false,"sceneViewState":{"showFog":true,"showMaterialUpdate":false,"showSkybox":false,"showFlares":true,"showImageEffects":true,"showParticleSystems":true},"in2DMode":false,"pivot":{"x":253.21621704101563,"y":150.83340454101563,"z":88.93782043457031},"rotation":{"x":-0.2977011203765869,"y":-0.030052587389945985,"z":0.009323542937636376,"w":-0.9542528986930847},"size":22.0,"orthographic":false}