{"cameraMode":{"drawMode":0,"name":"Shaded","section":"Shading Mode"},"sceneLighting":false,"audioPlay":false,"sceneViewState":{"showFog":true,"showMaterialUpdate":false,"showSkybox":false,"showFlares":true,"showImageEffects":true,"showParticleSystems":true},"in2DMode":false,"pivot":{"x":-8.438474655151368,"y":-14.10315990447998,"z":-11.956600189208985},"rotation":{"x":0.08385143429040909,"y":-0.7289301753044128,"z":0.09078923612833023,"w":0.6733760833740234},"size":16.883188247680665,"orthographic":false}