{"cameraMode":{"drawMode":0,"name":"Shaded","section":"Shading Mode"},"sceneLighting":false,"audioPlay":false,"sceneViewState":{"showFog":false,"showMaterialUpdate":false,"showSkybox":false,"showFlares":false,"showImageEffects":false,"showParticleSystems":false},"in2DMode":false,"pivot":{"x":0.40724867582321169,"y":0.23944395780563355,"z":-1.1050293445587159},"rotation":{"x":0.11802072823047638,"y":-0.05805665999650955,"z":0.006912108510732651,"w":0.9912891387939453},"size":8.34868049621582,"orthographic":false}