{"cameraMode":{"drawMode":0,"name":"Shaded","section":"Shading Mode"},"sceneLighting":false,"audioPlay":false,"sceneViewState":{"showFog":true,"showMaterialUpdate":false,"showSkybox":false,"showFlares":true,"showImageEffects":true,"showParticleSystems":true},"in2DMode":false,"pivot":{"x":0.6384725570678711,"y":-36.84938049316406,"z":5.864526271820068},"rotation":{"x":0.7234683632850647,"y":-0.04336874186992645,"z":0.045638907700777057,"w":0.6874814629554749},"size":19.942899703979493,"orthographic":true}