{"cameraMode":{"drawMode":0,"name":"Shaded","section":"Shading Mode"},"sceneLighting":false,"audioPlay":false,"sceneViewState":{"showFog":true,"showMaterialUpdate":false,"showSkybox":false,"showFlares":true,"showImageEffects":true,"showParticleSystems":true},"in2DMode":false,"pivot":{"x":-0.6886982321739197,"y":-5.695616722106934,"z":12.25246524810791},"rotation":{"x":0.27978238463401797,"y":0.09485208988189697,"z":-0.027788400650024415,"w":0.9549713134765625},"size":18.45032501220703,"orthographic":false}