{"cameraMode":{"drawMode":0,"name":"Shaded","section":"Shading Mode"},"sceneLighting":false,"audioPlay":false,"sceneViewState":{"showFog":true,"showMaterialUpdate":false,"showSkybox":false,"showFlares":true,"showImageEffects":true,"showParticleSystems":true},"in2DMode":false,"pivot":{"x":10.475061416625977,"y":-16.70914649963379,"z":26.963336944580079},"rotation":{"x":-0.2583218812942505,"y":-0.1860782653093338,"z":0.050772082060575488,"w":-0.9466232657432556},"size":34.229156494140628,"orthographic":false}