{"cameraMode":{"drawMode":0,"name":"Shaded","section":"Shading Mode"},"sceneLighting":false,"audioPlay":false,"sceneViewState":{"showFog":true,"showMaterialUpdate":false,"showSkybox":false,"showFlares":true,"showImageEffects":true,"showParticleSystems":true},"in2DMode":false,"pivot":{"x":-3.0925207138061525,"y":4.541828632354736,"z":-2.4129092693328859},"rotation":{"x":0.48291292786598208,"y":-0.007880838587880135,"z":0.004346388857811689,"w":0.8756232261657715},"size":25.773820877075197,"orthographic":false}