{"cameraMode":{"drawMode":0,"name":"Shaded","section":"Shading Mode"},"sceneLighting":false,"audioPlay":false,"sceneViewState":{"showFog":true,"showMaterialUpdate":false,"showSkybox":false,"showFlares":true,"showImageEffects":true,"showParticleSystems":true},"in2DMode":false,"pivot":{"x":-10.251825332641602,"y":-14.376298904418946,"z":-23.35609245300293},"rotation":{"x":0.01255571935325861,"y":-0.9666394591331482,"z":0.25135862827301028,"w":0.048172857612371448},"size":4.788017272949219,"orthographic":false}