{"cameraMode":{"drawMode":0,"name":"Shaded","section":"Shading Mode"},"sceneLighting":false,"audioPlay":false,"sceneViewState":{"showFog":false,"showMaterialUpdate":false,"showSkybox":false,"showFlares":false,"showImageEffects":false,"showParticleSystems":false},"in2DMode":false,"pivot":{"x":0.028557047247886659,"y":-1.5080229043960572,"z":5.319064617156982},"rotation":{"x":0.1226361095905304,"y":-0.029474880546331407,"z":0.003645241493359208,"w":0.9920159578323364},"size":8.647244453430176,"orthographic":false}