{"cameraMode":{"drawMode":0,"name":"Shaded","section":"Shading Mode"},"sceneLighting":false,"audioPlay":false,"sceneViewState":{"showFog":true,"showMaterialUpdate":false,"showSkybox":false,"showFlares":true,"showImageEffects":true,"showParticleSystems":true},"in2DMode":false,"pivot":{"x":-0.309531033039093,"y":-0.14192095398902894,"z":0.46220341324806216},"rotation":{"x":0.11878984421491623,"y":-0.44708964228630068,"z":0.06004747003316879,"w":0.8845351934432983},"size":1.459822654724121,"orthographic":false}