{"cameraMode":{"drawMode":0,"name":"Shaded","section":"Shading Mode"},"sceneLighting":false,"audioPlay":false,"sceneViewState":{"showFog":true,"showMaterialUpdate":false,"showSkybox":false,"showFlares":true,"showImageEffects":true,"showParticleSystems":true},"in2DMode":false,"pivot":{"x":2.44207763671875,"y":4.318184852600098,"z":-1.8627691268920899},"rotation":{"x":-0.09675717353820801,"y":0.016540521755814554,"z":-0.0016925580566748977,"w":-0.9953606128692627},"size":25.77382469177246,"orthographic":false}