{"cameraMode":{"drawMode":0,"name":"Shaded","section":"Shading Mode"},"sceneLighting":false,"audioPlay":false,"sceneViewState":{"showFog":true,"showMaterialUpdate":false,"showSkybox":false,"showFlares":true,"showImageEffects":true,"showParticleSystems":true},"in2DMode":false,"pivot":{"x":0.8922528028488159,"y":-5.9650397300720219,"z":12.240689277648926},"rotation":{"x":-0.327674925327301,"y":0.025598881766200067,"z":-0.008974109776318074,"w":-0.9446037411689758},"size":25.773822784423829,"orthographic":false}