{"cameraMode":{"drawMode":0,"name":"Shaded","section":"Shading Mode"},"sceneLighting":false,"audioPlay":false,"sceneViewState":{"showFog":true,"showMaterialUpdate":false,"showSkybox":false,"showFlares":true,"showImageEffects":true,"showParticleSystems":true},"in2DMode":false,"pivot":{"x":-20.083345413208009,"y":-16.42133140563965,"z":31.471210479736329},"rotation":{"x":0.19027364253997804,"y":-0.24874047935009004,"z":0.04990437254309654,"w":0.9483866095542908},"size":25.707151412963868,"orthographic":false}