{"cameraMode":{"drawMode":0,"name":"Shaded","section":"Shading Mode"},"sceneLighting":false,"audioPlay":false,"sceneViewState":{"showFog":true,"showMaterialUpdate":false,"showSkybox":false,"showFlares":true,"showImageEffects":true,"showParticleSystems":true},"in2DMode":false,"pivot":{"x":31.728473663330079,"y":-52.09858322143555,"z":-76.9518814086914},"rotation":{"x":0.055048659443855289,"y":0.9405689239501953,"z":-0.2795545160770416,"w":0.1852036714553833},"size":101.79991149902344,"orthographic":false}