{"cameraMode":{"drawMode":0,"name":"Shaded","section":"Shading Mode"},"sceneLighting":false,"audioPlay":false,"sceneViewState":{"showFog":true,"showMaterialUpdate":false,"showSkybox":false,"showFlares":true,"showImageEffects":true,"showParticleSystems":true},"in2DMode":false,"pivot":{"x":-4.47707986831665,"y":-6.955844879150391,"z":-0.3218240737915039},"rotation":{"x":0.214198499917984,"y":-0.11834662407636643,"z":0.02615402266383171,"w":0.9692432880401611},"size":11.518946647644043,"orthographic":false}