{"cameraMode":{"drawMode":0,"name":"Shaded","section":"Shading Mode"},"sceneLighting":false,"audioPlay":false,"sceneViewState":{"showFog":false,"showMaterialUpdate":false,"showSkybox":false,"showFlares":false,"showImageEffects":false,"showParticleSystems":false},"in2DMode":false,"pivot":{"x":38.40361404418945,"y":-5.910900115966797,"z":8.890480041503907},"rotation":{"x":0.40357205271720889,"y":0.017840465530753137,"z":-0.007869860157370568,"w":0.914743959903717},"size":10.0,"orthographic":false}