{"cameraMode":{"drawMode":0,"name":"Shaded","section":"Shading Mode"},"sceneLighting":false,"audioPlay":false,"sceneViewState":{"showFog":false,"showMaterialUpdate":false,"showSkybox":false,"showFlares":false,"showImageEffects":false,"showParticleSystems":false},"in2DMode":false,"pivot":{"x":0.40604153275489809,"y":-0.3409574329853058,"z":0.4453798234462738},"rotation":{"x":0.05097801610827446,"y":-0.0014985590241849423,"z":0.00007665793236810714,"w":0.9987015128135681},"size":2.46535325050354,"orthographic":false}