{"cameraMode":{"drawMode":0,"name":"Shaded","section":"Shading Mode"},"sceneLighting":false,"audioPlay":false,"sceneViewState":{"showFog":false,"showMaterialUpdate":false,"showSkybox":false,"showFlares":false,"showImageEffects":false,"showParticleSystems":false},"in2DMode":false,"pivot":{"x":-0.2165483832359314,"y":-13.856162071228028,"z":1.6859760284423829},"rotation":{"x":0.40357205271720889,"y":0.017840465530753137,"z":-0.007869860157370568,"w":0.914743959903717},"size":20.1271915435791,"orthographic":false}